end_date,state,pollster,population,sample_size,numeric_grade,pollscore,pct,candidate_name,national_poll,recency
2024-08-01,Michigan,Pollster C,lv,773,1.0053937464253977,-1.345646005938761,77.6,Donald Trump,0,96
2024-10-03,Georgia,Pollster B,rv,1013,1.6881527700461447,-1.116183181409724,64.8,Kamala Harris,0,33
2024-10-30,Arizona,Pollster D,lv,1840,1.3456059050513431,-0.13837198715191334,42.7,Kamala Harris,0,6
2024-08-07,Wisconsin,Pollster C,lv,972,2.5566865819273517,0.4245553297223523,31,Donald Trump,0,90
2024-09-07,Georgia,Pollster B,rv,1666,1.4782588406233117,-0.7798350289231166,73.8,Donald Trump,0,59
2024-10-11,National,Pollster C,rv,1358,2.7762568067992106,-0.710759409936145,64,Kamala Harris,1,25
2024-10-20,Pennsylvania,Pollster D,lv,190,1.0375081853708252,1.0657564928987995,37.9,Donald Trump,0,16
2024-09-08,Pennsylvania,Pollster B,lv,2192,1.935371894040145,1.1966184881748632,75.2,Donald Trump,0,58
2024-09-28,Georgia,Pollster A,rv,226,2.324001982458867,-0.19414134905673563,51.5,Kamala Harris,0,38
2024-08-16,Pennsylvania,Pollster A,rv,1637,1.3829538064310327,0.8570887723471969,45.4,Donald Trump,0,81
2024-08-06,Wisconsin,Pollster D,lv,107,1.9850676705827937,0.409939520759508,55.6,Kamala Harris,0,91
2024-08-29,Michigan,Pollster D,lv,575,2.872275813249871,1.135134611162357,62.8,Donald Trump,0,68
2024-07-31,Michigan,Pollster B,rv,476,1.8625271123601124,1.8409964678576216,62.1,Kamala Harris,0,97
2024-10-21,Georgia,Pollster A,lv,1290,2.3042401754064485,0.43424206459894776,32.4,Donald Trump,0,15
2024-10-23,Nevada,Pollster C,lv,1607,0.6836945570539683,1.343319198465906,33.4,Kamala Harris,0,13
2024-09-20,Wisconsin,Pollster B,lv,715,1.41998832533136,-0.7706875817384571,56.9,Donald Trump,0,46
2024-08-17,Wisconsin,Pollster C,rv,698,0.7844788046786562,-0.7224727898137644,64.3,Donald Trump,0,80
2024-07-26,North Carolina,Pollster D,lv,1029,1.9438945741858333,-1.2230580972973257,54.1,Donald Trump,0,102
2024-10-28,Wisconsin,Pollster D,lv,1663,2.906835258589126,-1.009039387688972,74,Kamala Harris,0,8
2024-08-13,North Carolina,Pollster D,rv,1257,1.1889373803278431,-0.8934515005676076,69,Kamala Harris,0,84
2024-10-06,Arizona,Pollster B,rv,288,2.4488098815781996,1.757399994530715,46.4,Kamala Harris,0,30
2024-07-22,Wisconsin,Pollster A,rv,1974,1.7695444654673338,0.3352065352955833,37.9,Donald Trump,0,106
2024-09-18,Wisconsin,Pollster C,lv,241,0.5452974520158023,0.7391589982435107,58.7,Kamala Harris,0,48
2024-10-09,North Carolina,Pollster A,lv,2085,0.5253799511119723,0.6991017082473263,47.1,Donald Trump,0,27
2024-08-05,Nevada,Pollster D,lv,988,0.9364116134820506,1.115147179691121,62.7,Donald Trump,0,92
2024-09-11,Wisconsin,Pollster B,lv,2131,2.0184506215155125,-0.7369841643376276,52.2,Kamala Harris,0,55
2024-09-27,National,Pollster D,rv,1137,2.239838993526064,1.7927845949307084,38.1,Kamala Harris,1,39
2024-07-25,Arizona,Pollster C,lv,1974,0.744563051383011,0.5191863358486444,68.2,Kamala Harris,0,103
2024-10-10,Nevada,Pollster B,rv,346,1.5810228320769966,-0.1699857769999653,72.2,Kamala Harris,0,26
2024-09-21,Pennsylvania,Pollster C,lv,1920,2.9448066751938313,1.1948184778448194,53.6,Kamala Harris,0,45
2024-08-16,National,Pollster D,lv,1017,2.7050235170172527,-0.23469609185121953,30.7,Donald Trump,1,81
2024-08-20,North Carolina,Pollster A,lv,1293,2.027082707034424,1.5151670192135498,46.5,Kamala Harris,0,77
2024-07-31,Michigan,Pollster B,rv,339,1.2737862778594717,0.7310170374112204,64.1,Kamala Harris,0,97
2024-10-22,Arizona,Pollster A,lv,2164,0.8088250657310709,0.8107165574328974,45.6,Kamala Harris,0,14
2024-08-15,Georgia,Pollster A,rv,1122,2.6541389083722606,-1.0384598408127204,61.7,Kamala Harris,0,82
2024-10-27,Wisconsin,Pollster D,lv,1142,1.056532500195317,0.6938694715499878,55,Kamala Harris,0,9
2024-08-06,Georgia,Pollster B,lv,1238,1.3339772891486064,-1.2611468362156302,37.3,Kamala Harris,0,91
2024-08-12,National,Pollster C,lv,1973,1.8539551087887958,0.7117450822843239,42.3,Kamala Harris,1,85
2024-09-13,Arizona,Pollster C,lv,2152,0.9312601289711893,1.863022505538538,33.8,Donald Trump,0,53
2024-09-15,National,Pollster D,rv,1266,2.0926657943055034,-0.39484058460220695,67.8,Donald Trump,1,51
2024-07-30,National,Pollster A,rv,530,0.6836357003776357,0.9656607839278877,72.1,Donald Trump,1,98
2024-11-02,Arizona,Pollster C,lv,1241,0.5287743529770523,-0.3856987504987046,62,Donald Trump,0,3
2024-08-05,National,Pollster C,lv,341,1.49334511149209,-0.5433009477565065,53.9,Donald Trump,1,92
2024-07-29,Michigan,Pollster B,rv,787,1.207916785031557,-1.3100909790955484,63.9,Kamala Harris,0,99
2024-09-06,National,Pollster A,rv,852,0.7086748514557257,0.7989877146901563,76.1,Kamala Harris,1,60
2024-10-08,Nevada,Pollster B,rv,666,1.5895367397461087,0.6917517191031948,46.7,Kamala Harris,0,28
2024-09-05,Nevada,Pollster B,lv,282,2.6240142203168944,0.15998941857833415,61.5,Kamala Harris,0,61
2024-08-14,Georgia,Pollster A,lv,2012,1.9287185162538663,-0.36137410637456924,37.3,Kamala Harris,0,83
2024-10-09,Michigan,Pollster B,rv,1414,2.9506452691275626,1.2143838158808649,55.7,Donald Trump,0,27
2024-08-30,Wisconsin,Pollster A,lv,1312,2.921935328748077,1.565484062419273,79.7,Donald Trump,0,67
2024-10-07,Arizona,Pollster A,rv,1039,2.684215097222477,-0.222760587814264,71.6,Kamala Harris,0,29
2024-10-03,Nevada,Pollster D,rv,1745,2.024730454548262,0.4947833555052057,40.4,Donald Trump,0,33
2024-10-26,Arizona,Pollster A,rv,2200,2.4832888268865645,-0.20296009280718863,60.2,Kamala Harris,0,10
2024-10-10,Arizona,Pollster A,rv,1275,1.8684749248204753,1.5072027733549476,72.7,Kamala Harris,0,26
2024-09-02,Nevada,Pollster C,rv,1540,1.3330282219685614,0.4867994614178315,60.5,Kamala Harris,0,64
2024-09-08,Arizona,Pollster D,lv,149,0.9640253685647622,0.19425131229218096,48.4,Donald Trump,0,58
2024-09-30,Pennsylvania,Pollster D,lv,1163,0.6175692421384156,0.36409544153138995,73.7,Donald Trump,0,36
2024-08-18,Arizona,Pollster C,lv,2060,1.1910683726891875,0.372949926299043,77.5,Donald Trump,0,79
2024-08-13,National,Pollster A,lv,1618,1.528165141469799,-1.2842537888791412,44.4,Donald Trump,1,84
2024-08-08,Michigan,Pollster D,rv,1585,0.7544938318897039,-0.3488444216782227,49.8,Donald Trump,0,89
2024-07-21,Nevada,Pollster D,rv,1377,2.5796183944912627,1.9325338032795116,52,Donald Trump,0,107
2024-08-27,Nevada,Pollster D,rv,228,2.7377109760418534,1.6142383824335411,71.5,Kamala Harris,0,70
2024-08-25,Michigan,Pollster A,lv,735,2.4548668252537027,-0.639170193229802,67.5,Kamala Harris,0,72
2024-08-04,Arizona,Pollster B,lv,1956,1.559209096711129,-0.6551120420917869,73.5,Kamala Harris,0,93
2024-10-02,National,Pollster C,lv,1850,2.194533016998321,-1.0913949952227995,62.4,Kamala Harris,1,34
2024-10-03,Nevada,Pollster C,lv,1408,1.301171463681385,0.5416956029366702,68.2,Kamala Harris,0,33
2024-10-30,Pennsylvania,Pollster A,rv,900,2.7509030741639435,-0.7198902403470129,38.5,Donald Trump,0,6
2024-09-11,Georgia,Pollster D,rv,2145,2.49197118927259,-0.34891501790843904,37.4,Donald Trump,0,55
2024-10-05,Nevada,Pollster C,rv,1631,0.8892179689137265,0.9413772657280788,38.9,Donald Trump,0,31
2024-09-04,North Carolina,Pollster C,rv,1245,0.6201679348014295,1.5066969848703593,73.9,Donald Trump,0,62
2024-08-09,Michigan,Pollster C,lv,2256,0.8221424453658983,0.28284705826081336,46.5,Kamala Harris,0,88
2024-09-16,National,Pollster B,lv,902,1.0100905359722674,-0.17726385220885277,72.3,Donald Trump,1,50
2024-10-12,Wisconsin,Pollster D,lv,1130,2.145451109507121,1.2263482214184478,69.7,Kamala Harris,0,24
2024-10-31,Wisconsin,Pollster D,rv,482,1.795749651035294,-1.4953416804783046,75.6,Kamala Harris,0,5
2024-08-21,Pennsylvania,Pollster A,rv,269,0.7577039768220857,-1.16582010302227,56.7,Donald Trump,0,76
2024-08-18,Georgia,Pollster D,rv,447,2.8464894242351875,0.9341961196623743,66,Donald Trump,0,79
2024-08-09,North Carolina,Pollster D,rv,1625,0.7293868584092706,1.4246268010465428,58.9,Kamala Harris,0,88
2024-08-12,Nevada,Pollster C,rv,1648,1.4529866458615288,0.12310107797384262,48.5,Donald Trump,0,85
2024-08-28,North Carolina,Pollster A,rv,385,0.5136332801776007,-1.0907654443290085,55.8,Kamala Harris,0,69
2024-10-21,Georgia,Pollster D,lv,1749,1.4785175800789148,0.26393115404061973,61.2,Donald Trump,0,15
2024-09-30,Arizona,Pollster B,lv,1464,2.825368412421085,1.9106667670421302,78.7,Kamala Harris,0,36
2024-09-26,Wisconsin,Pollster A,lv,1164,1.1524241663282737,0.6126503654522821,53.6,Kamala Harris,0,40
2024-09-04,National,Pollster A,lv,1832,2.7573906497564167,-0.910106614115648,79.8,Kamala Harris,1,62
2024-09-08,Pennsylvania,Pollster B,lv,1921,2.5857899909606203,1.3077527971472591,44.8,Kamala Harris,0,58
2024-08-18,Pennsylvania,Pollster A,lv,97,1.9901625720085576,0.271430681925267,43.2,Kamala Harris,0,79
2024-09-13,Arizona,Pollster C,rv,2031,1.3320461853872985,0.5581978602567688,34.6,Kamala Harris,0,53
2024-09-19,Nevada,Pollster B,lv,656,2.026120350463316,-1.4042961741797626,73.9,Kamala Harris,0,47
2024-10-21,National,Pollster C,rv,2017,1.644570165197365,-1.1963517848635092,57.2,Donald Trump,1,15
2024-10-03,Wisconsin,Pollster C,lv,1154,1.1003137025982141,1.3251866906648502,70.1,Donald Trump,0,33
2024-09-26,Michigan,Pollster C,rv,923,1.2919034315273166,-0.3271730699343607,66.2,Donald Trump,0,40
2024-09-20,Nevada,Pollster A,lv,2086,2.091317377751693,0.9610373334726319,42.9,Donald Trump,0,46
2024-08-16,Wisconsin,Pollster D,lv,1793,2.0166566387051716,0.03996823960915208,44.8,Kamala Harris,0,81
2024-10-08,Arizona,Pollster D,rv,5,0.9505451914155856,-0.23169374943245202,54.5,Kamala Harris,0,28
2024-10-17,Arizona,Pollster C,rv,2183,0.5763233797624707,1.1232904688222334,64.3,Kamala Harris,0,19
2024-09-04,North Carolina,Pollster B,rv,559,1.635562568088062,1.7456510023912415,64.8,Donald Trump,0,62
2024-09-24,Georgia,Pollster D,rv,85,1.5029922233661637,0.011685886769555509,49,Donald Trump,0,42
2024-08-01,Pennsylvania,Pollster A,rv,1909,1.5559318290324882,0.7242657215101644,51.6,Donald Trump,0,96
2024-08-13,National,Pollster B,rv,1474,1.4408614377025515,-1.360435425187461,30,Kamala Harris,1,84
2024-10-05,Michigan,Pollster B,lv,1798,0.6110498636262491,1.1829410832142457,39.7,Kamala Harris,0,31
2024-10-01,Wisconsin,Pollster C,rv,418,1.608511485508643,-1.3136478235246614,69.9,Kamala Harris,0,35
2024-09-24,Wisconsin,Pollster C,rv,2199,1.0100915767252445,1.971905740792863,66.7,Donald Trump,0,42
2024-09-03,North Carolina,Pollster C,lv,1720,1.1913735129637644,1.988583785830997,45.2,Donald Trump,0,63
2024-10-19,National,Pollster A,lv,2155,2.0062718116678298,-1.3672318543540314,32.5,Donald Trump,1,17
2024-09-11,Nevada,Pollster A,rv,2299,1.4665368107380345,-1.0475857972633094,67.6,Kamala Harris,0,55
2024-09-05,North Carolina,Pollster D,lv,1581,2.7274727059993893,1.2666512442519888,37.8,Donald Trump,0,61
2024-09-05,Wisconsin,Pollster D,lv,1809,2.834022440481931,1.4855610850499943,74,Donald Trump,0,61
2024-09-22,North Carolina,Pollster B,lv,1201,1.8329047773731872,0.3888024629559368,47.8,Kamala Harris,0,44
2024-10-16,Georgia,Pollster B,lv,2039,2.543315600603819,-1.1750676257070154,59.5,Donald Trump,0,20
2024-07-21,Pennsylvania,Pollster D,lv,1325,0.6711171923670918,1.9705122811719775,44.5,Donald Trump,0,107
2024-09-07,North Carolina,Pollster A,rv,1848,2.046828610007651,0.6557113400194794,55.4,Donald Trump,0,59
2024-10-06,Nevada,Pollster D,lv,2083,1.6650217353599146,0.743608194636181,49.6,Kamala Harris,0,30
2024-10-30,National,Pollster B,rv,2062,2.3139679735759273,-0.0968057782156393,43.5,Donald Trump,1,6
2024-08-22,Georgia,Pollster A,rv,996,2.718863083398901,0.3137418953701854,43.4,Donald Trump,0,75
2024-10-11,National,Pollster A,rv,57,0.9247205384308472,0.11666602187324315,45.8,Donald Trump,1,25
2024-11-01,North Carolina,Pollster B,rv,1093,2.85748216684442,-1.4569897012552246,76.7,Kamala Harris,0,4
2024-09-02,North Carolina,Pollster C,lv,78,2.5945527381263673,0.5447614991571754,32.8,Donald Trump,0,64
2024-10-25,Wisconsin,Pollster A,rv,118,0.6801325607812032,-1.3213178886799142,52.8,Donald Trump,0,11
2024-09-26,Nevada,Pollster B,lv,1554,1.3224787842482328,-0.19703201984521002,35.7,Donald Trump,0,40
2024-08-04,North Carolina,Pollster A,rv,2122,0.9123480367707089,1.6768023212207481,58.8,Kamala Harris,0,93
2024-10-15,National,Pollster A,lv,1884,2.5527255698107183,-0.6428354317322373,54.2,Donald Trump,1,21
2024-09-01,Michigan,Pollster B,rv,1539,1.8594554498558864,1.5578572452068329,77.5,Donald Trump,0,65
2024-08-14,Pennsylvania,Pollster B,rv,1850,1.742271036026068,-0.8551247965078801,51.9,Donald Trump,0,83
2024-07-25,Nevada,Pollster A,lv,511,1.1953861063811928,-1.3111279224976897,32.5,Kamala Harris,0,103
2024-10-04,National,Pollster A,lv,976,0.7357261982979253,0.6219702706439421,66.7,Kamala Harris,1,32
2024-08-31,Michigan,Pollster B,lv,192,0.6960380072705448,1.6221900689415634,48.2,Donald Trump,0,66
2024-10-25,Michigan,Pollster D,lv,712,1.506819261237979,-0.9256910006515682,56.4,Donald Trump,0,11
2024-07-25,Pennsylvania,Pollster B,lv,2238,1.7963692750781775,0.7209472407121211,31.9,Donald Trump,0,103
2024-10-07,Michigan,Pollster C,lv,241,0.8491744492202997,0.2196425722213462,55.7,Kamala Harris,0,29
2024-09-09,North Carolina,Pollster B,rv,750,0.6149718224769458,1.040715970681049,39.3,Donald Trump,0,57
2024-10-10,Michigan,Pollster B,lv,774,0.7976787887746468,1.8852471695281565,40.7,Kamala Harris,0,26
2024-08-06,Michigan,Pollster D,rv,430,0.9434241284616292,0.8060122583992779,52.7,Kamala Harris,0,91
2024-10-12,Michigan,Pollster A,lv,794,0.913195580476895,1.5427061138907447,33.7,Kamala Harris,0,24
2024-08-30,North Carolina,Pollster A,lv,1001,2.914793146890588,0.6501711376477033,33.5,Donald Trump,0,67
2024-08-13,Georgia,Pollster D,rv,325,1.6298718821490183,-0.03551480849273503,69.7,Kamala Harris,0,84
2024-08-31,Pennsylvania,Pollster A,lv,2281,2.8157050466397777,-1.155464364332147,63.2,Kamala Harris,0,66
2024-09-20,Georgia,Pollster B,rv,1953,1.7113115499960259,1.2086962970206514,31.8,Kamala Harris,0,46
2024-09-30,Pennsylvania,Pollster A,lv,1931,2.347500599687919,-0.273897590697743,41.4,Kamala Harris,0,36
2024-08-16,Pennsylvania,Pollster C,lv,1959,1.343496120069176,1.5938996403710917,71.9,Kamala Harris,0,81
2024-08-31,Wisconsin,Pollster B,rv,112,1.0853277019923553,-1.4612731072120368,58.6,Kamala Harris,0,66
2024-11-01,Michigan,Pollster D,rv,967,0.9210915573639795,0.35444633988663554,66.8,Donald Trump,0,4
2024-08-29,Pennsylvania,Pollster A,lv,1516,2.854388641542755,1.9321349705569446,72,Donald Trump,0,68
2024-07-22,Nevada,Pollster C,lv,40,0.82936159404926,0.7124536661431193,76.6,Kamala Harris,0,106
2024-08-22,Arizona,Pollster D,lv,2072,1.0299315578304231,-0.8251164766261354,41.2,Donald Trump,0,75
2024-10-20,Michigan,Pollster B,rv,640,1.4431364003103226,-1.0304208223242313,63.8,Donald Trump,0,16
2024-09-27,National,Pollster D,rv,1243,1.8852965005207807,-1.2803348795277998,74,Donald Trump,1,39
2024-08-29,Wisconsin,Pollster B,lv,1744,0.5578023155685514,-0.22334532206878066,53.9,Donald Trump,0,68
2024-09-15,Wisconsin,Pollster D,lv,2237,1.4155415394343436,1.1113776257261634,54.6,Donald Trump,0,51
2024-08-18,North Carolina,Pollster D,rv,1763,2.4007722451351583,0.9218208590755239,68.6,Kamala Harris,0,79
2024-07-22,Wisconsin,Pollster C,rv,845,0.5373336538905278,-1.205323246307671,67.5,Kamala Harris,0,106
2024-09-13,Nevada,Pollster D,lv,1592,1.718271447578445,-1.4120839526876807,30.1,Donald Trump,0,53
2024-09-26,Wisconsin,Pollster D,lv,1642,0.7550091658486053,-0.7940929200267419,51.2,Donald Trump,0,40
2024-08-22,Michigan,Pollster C,lv,1089,1.1375408719759434,-0.5044408494140953,50.7,Donald Trump,0,75
2024-10-23,Pennsylvania,Pollster C,rv,1944,2.308566809631884,-1.1776324281236157,69.2,Donald Trump,0,13
2024-10-12,Wisconsin,Pollster C,rv,44,0.5013982952805236,1.8100130022503436,46.3,Donald Trump,0,24
2024-09-23,North Carolina,Pollster D,rv,1745,0.5409052276518196,-1.425796988653019,59,Kamala Harris,0,43
2024-08-27,North Carolina,Pollster B,lv,1720,1.7078769668005407,0.7718741230200976,78.5,Donald Trump,0,70
2024-10-18,Michigan,Pollster A,rv,1135,1.0649347824510187,1.962709717801772,67.6,Donald Trump,0,18
2024-10-29,North Carolina,Pollster D,lv,2113,1.432275953819044,1.2203682959079742,52.4,Kamala Harris,0,7
2024-08-09,Georgia,Pollster A,rv,1341,1.7725116038927808,0.030698105692863464,53,Kamala Harris,0,88
2024-09-25,National,Pollster A,lv,190,2.367628219188191,0.1416840673191473,64.7,Kamala Harris,1,41
2024-09-03,Nevada,Pollster A,rv,1413,1.8227364065824077,1.1841657413169742,42.6,Kamala Harris,0,63
2024-08-30,Pennsylvania,Pollster B,rv,1455,1.9424851932562888,-0.28090236720163375,53,Donald Trump,0,67
2024-09-22,Pennsylvania,Pollster A,rv,1300,2.425641107955016,-1.3782827488612384,64.9,Donald Trump,0,44
2024-08-28,North Carolina,Pollster C,lv,229,1.333418321562931,0.2007864642655477,69.8,Donald Trump,0,69
2024-10-26,Nevada,Pollster D,lv,351,1.7220117053948343,-0.3039926297497004,52.1,Donald Trump,0,10
2024-07-27,Pennsylvania,Pollster A,lv,1587,1.230764985200949,-0.26898403896484524,70.6,Kamala Harris,0,101
2024-08-31,North Carolina,Pollster A,lv,47,1.435470371041447,-0.6116764049511403,60.9,Donald Trump,0,66
2024-10-10,Arizona,Pollster A,lv,1130,1.7995951587799937,0.39114083361346275,40.6,Kamala Harris,0,26
2024-10-17,National,Pollster A,rv,1998,2.7342664055759087,1.3391068304190412,30.6,Kamala Harris,1,19
2024-07-22,Arizona,Pollster A,lv,827,1.1039304769365117,-1.1960791723104194,54.4,Kamala Harris,0,106
2024-08-12,North Carolina,Pollster D,rv,1496,1.446084827883169,1.763053608359769,40.1,Donald Trump,0,85
2024-10-24,Georgia,Pollster B,rv,999,1.53983651206363,-1.473456897190772,62.4,Donald Trump,0,12
2024-08-12,Arizona,Pollster D,rv,1079,1.3821961941430345,0.8063193561974913,72.6,Kamala Harris,0,85
2024-10-15,Nevada,Pollster B,lv,459,2.5926528034033254,1.504826258518733,41.3,Kamala Harris,0,21
2024-10-12,Arizona,Pollster A,rv,633,2.380422608810477,-0.6602742098039016,50.3,Kamala Harris,0,24
2024-07-29,Georgia,Pollster A,lv,1055,0.7413307328242809,-1.43487672356423,76.9,Donald Trump,0,99
2024-08-19,Nevada,Pollster B,lv,463,1.6369197157910094,-0.91639710648451,79.8,Kamala Harris,0,78
2024-10-09,Wisconsin,Pollster C,lv,444,2.9464929540408775,-1.1233003564411774,42.7,Kamala Harris,0,27
2024-09-09,Wisconsin,Pollster B,lv,138,1.592094091582112,1.2951357511337847,65.3,Kamala Harris,0,57
2024-11-02,Michigan,Pollster B,rv,1476,2.62531610915903,-0.13282053743023425,31,Donald Trump,0,3
2024-09-06,Nevada,Pollster A,rv,863,2.731682339333929,1.3502346627647057,60.4,Kamala Harris,0,60
2024-09-07,Michigan,Pollster C,rv,232,1.2771528203738853,-0.0587483235867694,79.6,Donald Trump,0,59
2024-10-24,Michigan,Pollster B,rv,1035,2.8034649225883186,-0.6697297636419535,77.9,Kamala Harris,0,12
2024-10-29,Georgia,Pollster A,lv,58,2.3429873819695786,-0.4059204653603956,62.3,Donald Trump,0,7
2024-08-10,National,Pollster A,lv,1772,2.8678781156195328,0.8986214942997321,63.6,Donald Trump,1,87
2024-09-22,Wisconsin,Pollster A,lv,706,2.695540401735343,0.4686145999003202,44.7,Donald Trump,0,44
2024-10-20,Pennsylvania,Pollster A,rv,236,0.7410826820414513,1.4527838431531563,50.2,Kamala Harris,0,16
2024-08-26,Nevada,Pollster D,lv,1726,0.6783932180842385,1.0827152384445071,39.2,Donald Trump,0,71
2024-10-30,Georgia,Pollster B,lv,391,0.6600787561619654,1.926744980039075,67.8,Kamala Harris,0,6
2024-08-16,National,Pollster C,lv,774,2.649580935947597,-0.7479911899426952,68.4,Donald Trump,1,81
2024-10-25,Michigan,Pollster C,lv,1921,1.9860112871974707,1.9773338591912761,40.2,Kamala Harris,0,11
2024-09-28,Arizona,Pollster B,lv,361,1.2661213056417182,-0.17732425476424396,63,Kamala Harris,0,38
2024-08-01,National,Pollster A,lv,1155,2.516282434342429,1.6493561879033223,33.9,Donald Trump,1,96
2024-10-02,Arizona,Pollster C,rv,1843,0.5981966673862189,0.24364256870467216,68.7,Kamala Harris,0,34
2024-10-12,Wisconsin,Pollster B,lv,1746,1.2765803684014827,-0.755623776698485,36,Kamala Harris,0,24
2024-10-04,Georgia,Pollster A,rv,670,2.115960571798496,1.4336454733274877,44.9,Kamala Harris,0,32
2024-08-16,Wisconsin,Pollster A,rv,430,2.9809450819157064,0.149881295976229,76.8,Donald Trump,0,81
2024-09-13,Arizona,Pollster A,rv,511,2.8016781453043222,1.3344371567945927,56.7,Donald Trump,0,53
2024-09-26,Nevada,Pollster D,rv,2060,1.0852367117768154,-1.2148256622022018,77.9,Kamala Harris,0,40
2024-10-03,Michigan,Pollster D,lv,972,2.832416287390515,-0.69353582279291,31,Kamala Harris,0,33
2024-10-20,Michigan,Pollster C,rv,1355,2.664452915894799,-1.2520278431475163,60.4,Donald Trump,0,16
2024-09-13,Nevada,Pollster A,lv,1346,1.952919042785652,1.7621431027073413,55.7,Kamala Harris,0,53
2024-09-20,Arizona,Pollster C,rv,641,1.3061742247082293,-0.6110338905127719,44.1,Donald Trump,0,46
2024-10-28,Michigan,Pollster A,lv,1212,2.171810176339932,-0.578906076727435,44.9,Kamala Harris,0,8
2024-09-29,Arizona,Pollster C,lv,1929,1.0172577989287674,-0.7476143051171675,49,Donald Trump,0,37
2024-10-07,Arizona,Pollster B,lv,1561,0.8057406417792663,1.1299512395635247,58.6,Kamala Harris,0,29
2024-07-25,Michigan,Pollster D,rv,982,1.7867159192683175,0.27766266965772957,48.4,Kamala Harris,0,103
2024-10-20,Nevada,Pollster C,lv,1733,1.1703042169101536,0.37643401825334877,78,Kamala Harris,0,16
2024-10-31,Georgia,Pollster D,lv,2079,1.5222748800879344,1.6679493261035532,42.9,Kamala Harris,0,5
2024-07-21,Pennsylvania,Pollster B,rv,414,0.6903850812232122,-1.181703971233219,55.1,Kamala Harris,0,107
2024-08-12,Arizona,Pollster C,rv,2280,0.946784952073358,-0.9421383152948692,48.4,Donald Trump,0,85
2024-09-21,Pennsylvania,Pollster C,lv,1152,1.4764733811607584,-0.16666319640353322,48.6,Donald Trump,0,45
2024-09-23,National,Pollster B,lv,1789,2.888076995848678,-0.893968885182403,65.3,Kamala Harris,1,43
2024-09-04,North Carolina,Pollster A,lv,69,2.754218661109917,1.8618607501266524,34.5,Donald Trump,0,62
2024-09-22,National,Pollster C,rv,356,2.391602582181804,1.2940061348490417,79.1,Donald Trump,1,44
2024-10-19,North Carolina,Pollster B,rv,508,2.5965418277774006,0.8925728949252516,69.9,Donald Trump,0,17
2024-08-23,Wisconsin,Pollster C,rv,996,1.6422348115593195,-0.6125394284026697,55.2,Donald Trump,0,74
2024-11-01,Wisconsin,Pollster C,rv,47,2.2934451781911775,-0.44114864186849445,47.6,Donald Trump,0,4
2024-08-10,Arizona,Pollster B,rv,627,0.75109768146649,0.45649748481810093,72.7,Donald Trump,0,87
2024-10-24,Pennsylvania,Pollster C,lv,947,1.7906319223111495,-1.130776375066489,71.5,Donald Trump,0,12
2024-09-11,Pennsylvania,Pollster B,lv,1110,1.3876805141335353,-1.1434748523170128,38.5,Kamala Harris,0,55
2024-08-13,Pennsylvania,Pollster A,rv,183,0.6291441411012784,-0.317220984143205,52.7,Donald Trump,0,84
2024-10-15,Arizona,Pollster A,lv,678,1.8755758671322837,1.110871265991591,65.6,Donald Trump,0,21
2024-09-05,Wisconsin,Pollster C,lv,1985,2.1302422410808504,0.5215554692549631,55.4,Kamala Harris,0,61
2024-09-15,Michigan,Pollster A,rv,1442,0.9699298302875832,1.8616736906114966,30.2,Kamala Harris,0,51
2024-08-30,Georgia,Pollster C,lv,753,1.1537086324533448,-0.012088645249605179,55.1,Kamala Harris,0,67
2024-09-08,National,Pollster A,lv,1151,2.669327847659588,0.554841038887389,43.2,Kamala Harris,1,58
2024-07-21,Pennsylvania,Pollster C,lv,1463,1.2400258706184104,0.6117652767570689,33,Donald Trump,0,107
2024-09-04,Georgia,Pollster B,rv,1735,1.6038307734997943,-1.2796016797656193,62.2,Donald Trump,0,62
2024-10-20,National,Pollster B,rv,1799,0.9549431789200753,0.8918947568163276,56.3,Donald Trump,1,16
2024-09-21,Pennsylvania,Pollster C,lv,1944,1.5933912213658914,0.48940021509770304,78.5,Kamala Harris,0,45
2024-09-28,North Carolina,Pollster D,rv,902,2.064056739443913,-0.2871548213297501,36.1,Donald Trump,0,38
2024-08-15,Nevada,Pollster C,rv,1398,1.0728369648568332,0.8699098866200075,52.1,Kamala Harris,0,82
2024-10-13,Georgia,Pollster C,lv,2232,0.731361425248906,-1.452387040713802,59.6,Donald Trump,0,23
2024-10-14,North Carolina,Pollster D,rv,1571,2.785531150409952,-1.094521552324295,40.5,Donald Trump,0,22
2024-09-30,Wisconsin,Pollster B,rv,1307,2.479558256571181,-0.5018045185133815,60.5,Donald Trump,0,36
2024-08-20,North Carolina,Pollster B,rv,127,1.6337655101669952,1.8462338832905516,62.3,Donald Trump,0,77
2024-09-13,North Carolina,Pollster B,lv,68,2.2706071079010144,0.6779060537228361,70.9,Donald Trump,0,53
2024-08-07,Arizona,Pollster A,lv,1568,2.7869605937739834,-0.09594437398482114,41.6,Donald Trump,0,90
2024-08-15,Pennsylvania,Pollster B,lv,2002,1.014659057953395,-1.2501577622024342,59.5,Donald Trump,0,82
2024-07-22,Wisconsin,Pollster B,rv,1882,2.914826822350733,1.4092910451581702,40.7,Kamala Harris,0,106
2024-07-28,Arizona,Pollster D,rv,354,0.8856740385526791,1.3087857540231198,72.3,Kamala Harris,0,100
2024-10-15,Georgia,Pollster C,rv,300,0.654066975810565,-1.443961845827289,63.2,Kamala Harris,0,21
2024-10-29,Wisconsin,Pollster B,rv,1951,2.5272866322193295,-0.42388353031128645,49.1,Donald Trump,0,7
2024-09-04,Arizona,Pollster C,lv,1102,2.6565966395428404,-0.7138257812475786,37.8,Donald Trump,0,62
2024-10-04,Michigan,Pollster A,lv,973,1.136446641292423,0.298224815283902,48.4,Donald Trump,0,32
2024-07-21,Georgia,Pollster A,lv,21,2.653850659960881,1.0440754445735365,37.5,Donald Trump,0,107
2024-07-28,Wisconsin,Pollster D,rv,262,0.9559761000564322,-0.8370113485725597,79.5,Kamala Harris,0,100
2024-07-30,Michigan,Pollster B,lv,1830,2.540717908530496,0.6204731279285625,40.9,Donald Trump,0,98
2024-10-25,Nevada,Pollster A,rv,915,0.6663264870876446,-0.6857888955855742,41.8,Kamala Harris,0,11
2024-07-24,Arizona,Pollster A,lv,1345,1.7899786449270323,-1.3166115572676063,30.3,Kamala Harris,0,104
2024-09-15,Wisconsin,Pollster D,lv,1068,2.203592498670332,1.5456590183312073,56.9,Kamala Harris,0,51
2024-11-01,Pennsylvania,Pollster C,rv,523,1.9868190517881885,1.2540305515285581,72.8,Kamala Harris,0,4
2024-09-09,National,Pollster B,rv,681,2.2761606560088694,-0.8839967657113448,50.1,Donald Trump,1,57
2024-10-16,National,Pollster C,rv,2266,2.4896085577784106,0.44916271162219346,70.8,Kamala Harris,1,20
2024-09-07,Michigan,Pollster D,rv,1502,0.6752551470417529,-1.2458268178161234,37.8,Kamala Harris,0,59
2024-09-21,Georgia,Pollster D,rv,1728,1.7769196147564799,-0.9237666672561318,48,Donald Trump,0,45
2024-09-08,Georgia,Pollster D,lv,1134,1.97745338792447,-0.04705865262076259,66.3,Kamala Harris,0,58
2024-09-05,National,Pollster C,rv,134,1.3869202894857153,1.0066110965562984,44.2,Donald Trump,1,61
2024-10-20,Wisconsin,Pollster C,rv,1999,2.652361793559976,-0.4056075654225424,36.5,Donald Trump,0,16
2024-10-30,Pennsylvania,Pollster D,lv,259,1.809049489791505,-1.3006128490669653,42.3,Donald Trump,0,6
2024-09-25,Georgia,Pollster A,rv,1362,0.5417722517158836,0.09427948878146708,52.8,Donald Trump,0,41
2024-10-19,Pennsylvania,Pollster D,rv,2079,1.491917402134277,-1.386745933094062,55,Donald Trump,0,17
2024-07-23,Nevada,Pollster C,lv,1087,1.8814294477924705,0.2547511578304693,57.5,Donald Trump,0,105
2024-08-22,Nevada,Pollster A,rv,581,2.805272151133977,-0.34761236992198974,49.3,Donald Trump,0,75
2024-08-15,Arizona,Pollster B,lv,1825,1.3259694965090603,0.7968334878096357,66.4,Donald Trump,0,82
2024-09-01,Wisconsin,Pollster A,lv,904,0.6486329676117748,1.0996414178516716,69.7,Donald Trump,0,65
2024-08-16,Nevada,Pollster B,rv,1263,1.7615028390428051,1.4464653000468388,58.6,Donald Trump,0,81
2024-08-29,Pennsylvania,Pollster C,rv,2156,2.0948522684630007,0.3825227452907711,45.6,Donald Trump,0,68
2024-10-03,Georgia,Pollster A,rv,508,1.2814010855508968,-1.2210436376044527,32.7,Kamala Harris,0,33
2024-07-28,Pennsylvania,Pollster D,lv,1464,1.5803417750867084,0.31173563364427537,54,Kamala Harris,0,100
2024-07-28,Wisconsin,Pollster B,rv,84,0.7834732638439164,0.3962454949505627,42.8,Donald Trump,0,100
2024-10-31,Arizona,Pollster C,rv,1854,2.740676892688498,1.8949864300666377,31.1,Kamala Harris,0,5
2024-10-16,North Carolina,Pollster D,rv,550,2.267915009986609,0.8332148314220831,73.8,Kamala Harris,0,20
2024-09-29,Pennsylvania,Pollster C,rv,100,2.097434756695293,1.7767577439080924,60.5,Kamala Harris,0,37
2024-09-18,Wisconsin,Pollster C,lv,2191,1.5548080509761348,-1.191206868737936,37.5,Donald Trump,0,48
2024-07-24,Nevada,Pollster A,rv,1124,0.85832536930684,-0.29180681880097836,53.3,Donald Trump,0,104
2024-08-10,North Carolina,Pollster D,rv,1913,0.7485768060432747,0.21680083009414375,50.6,Donald Trump,0,87
2024-09-13,Georgia,Pollster B,rv,2031,1.712750973063521,-0.36724374804180115,31.5,Donald Trump,0,53
2024-08-22,Wisconsin,Pollster B,lv,2037,1.227144581032917,1.178982763318345,50.4,Donald Trump,0,75
2024-10-13,Georgia,Pollster B,rv,1363,0.8346417099237442,-0.3933242491912097,58.4,Donald Trump,0,23
2024-09-25,Michigan,Pollster C,lv,362,0.5544709659880027,-0.5578222535550594,55.7,Kamala Harris,0,41
2024-09-10,Wisconsin,Pollster A,lv,953,1.9218095317482948,1.6411963928258047,59.5,Donald Trump,0,56
2024-07-29,Wisconsin,Pollster C,rv,1859,0.890759275178425,1.7984264920232818,30.2,Donald Trump,0,99
2024-09-14,Michigan,Pollster B,lv,1705,1.4923666599206626,-1.4525174055015668,59.7,Donald Trump,0,52
2024-08-09,Pennsylvania,Pollster B,rv,210,2.9518018966773525,0.2116116922115907,32.6,Kamala Harris,0,88
2024-09-12,North Carolina,Pollster C,rv,2204,2.6098621282726526,-0.7689542031148449,46.7,Kamala Harris,0,54
2024-08-24,National,Pollster D,rv,1244,1.455715759191662,-0.7786834965227172,32.3,Kamala Harris,1,73
2024-08-14,Georgia,Pollster A,rv,525,2.986145162838511,0.025829973630607128,72.9,Kamala Harris,0,83
2024-09-16,North Carolina,Pollster C,lv,2264,1.2834875740809366,0.7504055495373905,77.4,Kamala Harris,0,50
2024-10-16,Wisconsin,Pollster D,rv,1543,2.7951816127169877,0.03373978938907385,33.1,Kamala Harris,0,20
2024-08-03,Georgia,Pollster A,lv,2068,1.8127846695715562,-0.4161885778885335,31.8,Kamala Harris,0,94
2024-09-27,Georgia,Pollster B,lv,199,0.7724184549879283,0.6611542726168409,34.6,Kamala Harris,0,39
2024-10-04,Arizona,Pollster D,rv,521,2.497272521839477,-1.0441783310379833,48.8,Donald Trump,0,32
2024-08-06,Wisconsin,Pollster C,lv,1526,1.350053062895313,-0.9392388761043549,41,Donald Trump,0,91
2024-08-25,Pennsylvania,Pollster A,rv,1003,0.595490719540976,0.40599636384285986,35.6,Kamala Harris,0,72
2024-08-01,Michigan,Pollster C,rv,641,2.2337424628203735,-0.5300426846370101,63.1,Donald Trump,0,96
2024-07-23,Michigan,Pollster D,lv,102,2.132860709214583,-0.6994385219877586,49.8,Donald Trump,0,105
2024-08-02,Pennsylvania,Pollster D,lv,1207,1.136741064954549,1.8396485998528078,56.4,Kamala Harris,0,95
2024-09-18,Nevada,Pollster A,rv,1000,1.2980252464767545,-0.901939616072923,32.3,Kamala Harris,0,48
2024-10-11,Michigan,Pollster A,rv,1892,1.0921042314730585,1.9404822774231434,32.4,Kamala Harris,0,25
2024-09-20,Arizona,Pollster C,rv,802,2.9209975788835436,1.098421746166423,70.5,Kamala Harris,0,46
2024-09-24,Georgia,Pollster B,lv,1691,0.7847230684710667,1.3765716918278486,67.5,Donald Trump,0,42
2024-08-02,National,Pollster D,rv,1720,1.5000482818577439,1.3634930195985362,75.1,Kamala Harris,1,95
2024-08-22,Arizona,Pollster A,rv,330,1.3220812061335891,-1.0017868899740279,68,Donald Trump,0,75
2024-09-04,Nevada,Pollster C,lv,2210,2.7386923170415685,1.1352279873099178,46,Kamala Harris,0,62
2024-08-21,Pennsylvania,Pollster B,lv,842,1.3506785664940253,-0.8890696529997513,53.1,Donald Trump,0,76
2024-09-28,Georgia,Pollster B,rv,155,0.6240063668228686,-0.14377074444200844,56.3,Donald Trump,0,38
2024-10-24,National,Pollster A,lv,128,1.1717896554619074,-0.06478801765479147,37.1,Donald Trump,1,12
2024-11-01,Michigan,Pollster D,rv,1540,1.9866766083287075,-1.2331083223689348,44.8,Donald Trump,0,4
2024-09-27,Georgia,Pollster D,rv,523,1.5396609210874885,-0.8655964476056397,57.3,Kamala Harris,0,39
2024-08-11,Pennsylvania,Pollster A,rv,687,1.5275285004172474,1.2454632188891992,47.8,Kamala Harris,0,86
2024-08-05,Pennsylvania,Pollster B,rv,1860,2.1776897880481556,0.34809748793486506,58.7,Kamala Harris,0,92
2024-10-03,Michigan,Pollster A,lv,2133,1.33472385245841,1.451652220566757,68.5,Kamala Harris,0,33
2024-07-29,Pennsylvania,Pollster D,rv,1598,0.7932909852825105,-0.164780777762644,48.3,Kamala Harris,0,99
2024-10-14,Nevada,Pollster B,rv,1023,2.9109416356077418,1.9602449281373993,49.2,Kamala Harris,0,22
2024-09-29,Wisconsin,Pollster D,rv,966,2.264941460569389,0.1159750905353576,42.7,Kamala Harris,0,37
2024-07-24,Arizona,Pollster C,rv,1898,1.7853223999263719,1.7748717869399115,64.4,Kamala Harris,0,104
2024-10-29,Nevada,Pollster A,rv,1189,1.8294616836356,-0.29492691124323756,31.1,Donald Trump,0,7
2024-10-22,North Carolina,Pollster D,rv,1484,2.833668582723476,0.5130757758161053,45.7,Kamala Harris,0,14
2024-10-15,North Carolina,Pollster D,rv,791,1.967471769428812,0.16240232554264367,65.2,Donald Trump,0,21
2024-10-11,Pennsylvania,Pollster C,lv,1348,0.8195601783227175,-0.6869337074458599,46.8,Donald Trump,0,25
2024-10-09,Arizona,Pollster A,lv,1747,2.990377716603689,0.579777012579143,49.1,Kamala Harris,0,27
2024-08-18,Pennsylvania,Pollster D,rv,1267,2.8076276131905615,-0.8830498231109232,50.7,Donald Trump,0,79
2024-08-12,National,Pollster C,lv,735,1.4546809329185635,1.062596126110293,76.7,Kamala Harris,1,85
2024-11-01,Pennsylvania,Pollster B,lv,2058,1.7046705273678526,0.5334112900309265,73.5,Kamala Harris,0,4
2024-07-23,Michigan,Pollster A,lv,1217,1.0453607597155496,-0.6765995923196897,74.6,Kamala Harris,0,105
2024-09-30,Georgia,Pollster A,rv,1646,0.7318355609895661,1.728372756158933,61.5,Donald Trump,0,36
2024-10-05,Wisconsin,Pollster C,rv,2185,0.741354041500017,-0.28532060771249235,48.7,Kamala Harris,0,31
2024-09-30,Pennsylvania,Pollster B,rv,140,1.846263979212381,0.459450084483251,36.4,Donald Trump,0,36
2024-07-28,Nevada,Pollster C,lv,1399,2.9015244090696797,-0.22870538104325533,75.3,Donald Trump,0,100
2024-09-10,Wisconsin,Pollster C,rv,1691,2.7593061480438337,1.5144936841679737,78.9,Kamala Harris,0,56
2024-08-13,Wisconsin,Pollster A,lv,2032,1.2767212123144418,-0.7416509002214298,72.6,Kamala Harris,0,84
2024-09-24,Michigan,Pollster B,rv,111,2.1791945334989578,-1.0951735376147553,39,Donald Trump,0,42
2024-10-08,Georgia,Pollster D,rv,2151,2.5514249004190788,1.6707676241640002,34.7,Kamala Harris,0,28
2024-09-17,Wisconsin,Pollster B,rv,448,2.7348106716526672,-0.20344587694853544,67.1,Donald Trump,0,49
2024-09-20,Michigan,Pollster A,rv,702,1.2368460582802072,1.5909853258635849,63.9,Kamala Harris,0,46
2024-08-27,Wisconsin,Pollster D,rv,2226,1.6288672941736877,-0.3791567158186808,52.2,Donald Trump,0,70
2024-08-13,National,Pollster C,lv,42,2.2077647714177147,1.3178599157836288,71,Donald Trump,1,84
2024-09-03,National,Pollster A,rv,1997,2.929296927875839,-0.942071016994305,51.1,Kamala Harris,1,63
2024-10-16,Georgia,Pollster B,lv,2296,2.268647527205758,1.0891102793393657,53.8,Donald Trump,0,20
2024-07-24,Michigan,Pollster B,lv,2100,2.2861492274096236,1.9810982996132225,66.6,Donald Trump,0,104
2024-10-25,Nevada,Pollster C,lv,251,0.8714057675097138,0.20177168387454003,63.3,Donald Trump,0,11
2024-09-29,North Carolina,Pollster C,lv,2214,2.1853326931595802,-0.04029184125829488,35.1,Kamala Harris,0,37
2024-08-03,Pennsylvania,Pollster D,lv,1015,1.8931923045311123,1.4748515144456178,30.9,Donald Trump,0,94
2024-08-12,Pennsylvania,Pollster C,lv,1460,1.4114321763627231,1.0897431110497564,53.9,Kamala Harris,0,85
2024-09-20,Arizona,Pollster B,rv,1952,1.5557773488108069,-0.6334794962313026,58.9,Donald Trump,0,46
2024-09-11,Wisconsin,Pollster B,lv,1203,1.426507319090888,-1.1000480031361803,32.2,Kamala Harris,0,55
2024-08-24,Wisconsin,Pollster C,rv,887,0.9205888090655208,1.4320613025920466,76.4,Kamala Harris,0,73
2024-08-16,North Carolina,Pollster D,lv,796,1.091436549439095,1.0744934126269072,35.7,Kamala Harris,0,81
2024-10-26,National,Pollster D,lv,1652,1.0355784064158797,-1.3635204937309027,33.7,Donald Trump,1,10
2024-10-28,National,Pollster A,lv,728,0.6755748101277277,1.7813914328580722,69,Kamala Harris,1,8
2024-08-07,Michigan,Pollster C,rv,154,0.9723461921093985,-0.4491073797689751,64,Kamala Harris,0,90
2024-08-07,Michigan,Pollster C,rv,34,1.3213586412603036,0.3590138762956485,31.9,Donald Trump,0,90
2024-07-21,Pennsylvania,Pollster B,rv,891,2.9354935431620106,-0.8443413781933486,32.3,Kamala Harris,0,107
2024-08-28,Georgia,Pollster A,rv,1868,1.15249074366875,-0.18316758470609784,55.7,Donald Trump,0,69
2024-08-12,North Carolina,Pollster B,rv,961,0.7469485288020223,0.5744949923828244,59.4,Kamala Harris,0,85
2024-08-10,Pennsylvania,Pollster C,rv,1479,0.6136434957152233,-1.0950303005520254,77.6,Kamala Harris,0,87
2024-10-11,North Carolina,Pollster B,lv,420,1.3497496834024787,-1.357039054739289,67.3,Kamala Harris,0,25
2024-09-12,Arizona,Pollster B,rv,1972,2.341026185429655,-0.5648607403272763,55.5,Kamala Harris,0,54
2024-08-08,Georgia,Pollster A,lv,2056,0.9709745070431381,0.17267817887477577,41.7,Kamala Harris,0,89
2024-09-08,Michigan,Pollster C,lv,672,2.2041933321161196,0.3655741746770218,32.2,Kamala Harris,0,58
2024-10-17,Georgia,Pollster D,lv,2147,1.81090153940022,1.5845127392094582,70.7,Donald Trump,0,19
2024-08-28,National,Pollster A,lv,2080,2.354647201835178,1.1536918461788446,54.9,Donald Trump,1,69
2024-08-04,Arizona,Pollster B,lv,1132,0.8352719184476882,1.3226699237711728,58.8,Donald Trump,0,93
2024-10-19,North Carolina,Pollster D,lv,76,1.376060776063241,1.1908245334634557,61.7,Kamala Harris,0,17
2024-07-29,Arizona,Pollster C,rv,1178,1.3290157304145396,1.9446282011922449,34.5,Kamala Harris,0,99
2024-08-03,Arizona,Pollster D,rv,1917,2.9515764048555866,1.3234069218160585,74.5,Kamala Harris,0,94
2024-09-08,Arizona,Pollster C,lv,888,1.8377951527945697,1.4014363570604473,67.2,Donald Trump,0,58
2024-10-10,National,Pollster B,lv,777,1.530975480680354,1.9065298618515953,39.5,Donald Trump,1,26
2024-08-10,Arizona,Pollster A,lv,676,0.7321808389388025,1.2158118389779702,38.9,Donald Trump,0,87
2024-08-25,Wisconsin,Pollster A,rv,2160,1.5941317438846454,1.2755272116046399,48.6,Kamala Harris,0,72
2024-10-18,Pennsylvania,Pollster D,rv,949,0.9708199988817796,1.6724206920480356,41.3,Donald Trump,0,18
2024-10-12,Michigan,Pollster B,rv,160,0.9286764573771507,0.8408884666860104,35.9,Donald Trump,0,24
2024-10-01,North Carolina,Pollster D,lv,647,1.4177965408889577,-1.1862273078877479,57.2,Kamala Harris,0,35
2024-10-18,Wisconsin,Pollster B,lv,586,2.315296696149744,1.030503079527989,73.5,Kamala Harris,0,18
2024-10-30,Nevada,Pollster C,rv,567,1.41651875176467,-0.4218066014582291,58.3,Kamala Harris,0,6
2024-10-02,National,Pollster D,lv,980,1.3893739187624305,-0.7918670049402863,41.3,Kamala Harris,1,34
2024-10-26,Arizona,Pollster C,lv,30,1.0952782748499885,-0.9970855482388288,48.5,Donald Trump,0,10
2024-08-13,Nevada,Pollster B,rv,211,0.9268041701288894,-1.441265128669329,38.7,Kamala Harris,0,84
2024-09-11,Arizona,Pollster B,rv,1853,2.7375998116331175,1.3957322246860713,57.9,Donald Trump,0,55
2024-10-12,Wisconsin,Pollster D,rv,130,2.9893828679341823,1.8472669012844563,77.4,Donald Trump,0,24
2024-10-10,North Carolina,Pollster B,lv,699,1.95603601122275,0.5101954478304833,30.7,Kamala Harris,0,26
2024-08-30,National,Pollster D,rv,2179,1.8817945047048852,-0.9977492730831727,49.8,Donald Trump,1,67
2024-08-26,Georgia,Pollster B,lv,323,1.0345537525136024,1.862677462399006,72.8,Kamala Harris,0,71
2024-09-10,Arizona,Pollster C,rv,1079,1.3514643501257524,0.17494480754248798,30.1,Donald Trump,0,56
2024-08-13,Michigan,Pollster A,rv,1625,1.2912646559998393,-0.8902699624886736,61.9,Donald Trump,0,84
2024-08-12,Nevada,Pollster B,rv,638,1.5648375481832772,-0.6508126745466143,76.8,Kamala Harris,0,85
2024-10-15,Michigan,Pollster C,rv,1355,2.960917431744747,-0.9270322524243966,32.9,Kamala Harris,0,21
2024-08-14,Pennsylvania,Pollster A,rv,1748,2.4061110698385164,0.9567065398441628,37.2,Donald Trump,0,83
2024-10-22,North Carolina,Pollster B,rv,1982,0.6613962766714394,-1.3498453118372709,58.4,Donald Trump,0,14
2024-10-15,Georgia,Pollster A,rv,523,1.9752974617294967,-1.0076001522829756,47.3,Donald Trump,0,21
2024-08-03,Michigan,Pollster B,rv,784,2.856478352448903,0.792016688385047,56.3,Donald Trump,0,94
2024-08-25,Wisconsin,Pollster C,rv,3,1.9668050792533904,-1.2567837820388377,64.3,Donald Trump,0,72
2024-08-05,Pennsylvania,Pollster B,lv,2185,2.0747425315203145,1.5113549515372142,30.2,Kamala Harris,0,92
2024-10-13,Pennsylvania,Pollster B,lv,1690,1.0560768762370571,-0.9557365218643099,49.3,Kamala Harris,0,23
2024-08-31,Georgia,Pollster D,lv,796,2.191370100597851,-1.3458985554752871,43.7,Donald Trump,0,66
2024-08-27,Arizona,Pollster D,rv,2293,0.5201420008670539,-0.35316693177446723,74,Kamala Harris,0,70
2024-10-05,Wisconsin,Pollster B,rv,633,1.8685741066001356,-1.2374197366880253,74.3,Donald Trump,0,31
2024-08-25,National,Pollster D,rv,235,2.3504352791933343,0.045861388090997934,75.7,Kamala Harris,1,72
2024-09-23,Arizona,Pollster C,rv,1502,1.364153035217896,-0.9766087307361886,54,Kamala Harris,0,43
2024-08-02,North Carolina,Pollster B,lv,2230,0.5939687079517171,-0.13275534892454743,75.8,Kamala Harris,0,95
2024-07-31,Nevada,Pollster D,lv,137,1.0650138325290754,-1.029111482319422,35.6,Kamala Harris,0,97
2024-08-17,Georgia,Pollster B,lv,1636,0.9047362628625706,-0.69945057039149106,45.6,Donald Trump,0,80
2024-10-11,Michigan,Pollster C,lv,1001,2.871427235775627,0.188617495005019,67.2,Donald Trump,0,25
2024-08-03,Nevada,Pollster D,lv,151,0.602472547441721,1.5170889918226749,72,Kamala Harris,0,94
2024-10-13,Georgia,Pollster D,lv,87,1.3588207932189107,0.7610715226037428,34.2,Kamala Harris,0,23
2024-10-24,National,Pollster C,rv,522,1.7141847691964358,0.3006005804054439,39.9,Kamala Harris,1,12
2024-10-29,Wisconsin,Pollster B,rv,1748,0.6473587076179683,-0.48166949104052037,32.1,Kamala Harris,0,7
2024-08-13,Pennsylvania,Pollster A,lv,771,2.9340511596528813,-0.890707045327872,40.8,Kamala Harris,0,84
2024-10-25,National,Pollster A,rv,857,2.9151565827196464,1.4346323105273768,57.7,Donald Trump,1,11
2024-10-12,Pennsylvania,Pollster D,lv,850,1.1911071244394407,-0.868807222112082,33.9,Kamala Harris,0,24
2024-08-14,Nevada,Pollster A,lv,1593,2.3226168083492666,0.6839330971706659,47.8,Kamala Harris,0,83
2024-10-18,Pennsylvania,Pollster A,lv,1346,1.844858162337914,-0.4390995486173779,39.3,Donald Trump,0,18
2024-10-18,Michigan,Pollster C,rv,1008,2.1196467651752755,-0.3628681630361825,51.7,Donald Trump,0,18
2024-08-05,National,Pollster D,rv,611,2.8743920755805448,0.5086082643829286,46.6,Kamala Harris,1,92
2024-08-03,Michigan,Pollster A,lv,202,1.162335793604143,-1.1590345373842865,41.3,Kamala Harris,0,94
2024-09-21,National,Pollster B,rv,1604,2.6396253490820527,-1.4699915839591995,55,Kamala Harris,1,45
2024-10-03,Arizona,Pollster B,rv,1167,1.4519925265340135,0.09728210093453526,59,Donald Trump,0,33
2024-09-27,National,Pollster A,rv,1015,2.893581415526569,-0.3080873773433268,65.5,Donald Trump,1,39
2024-08-18,Wisconsin,Pollster B,lv,1038,1.1791136733954772,-0.16724763810634613,45.1,Kamala Harris,0,79
2024-09-25,North Carolina,Pollster C,rv,1887,1.727233269601129,-0.4824927869485691,37.7,Donald Trump,0,41
2024-10-08,Arizona,Pollster B,rv,1835,0.5466269988100976,-0.7757365042343736,73.9,Kamala Harris,0,28
2024-10-22,Michigan,Pollster D,lv,543,1.6110152606852353,1.595973764313385,49.9,Donald Trump,0,14
2024-09-19,Arizona,Pollster A,lv,2263,0.5267323560547084,-0.06483482022304088,60.7,Kamala Harris,0,47
2024-08-28,North Carolina,Pollster D,rv,2104,2.545442137750797,0.23438639740925282,33.6,Donald Trump,0,69
2024-09-22,Pennsylvania,Pollster B,lv,876,1.785296015557833,1.152114417986013,68.6,Donald Trump,0,44
2024-10-15,Georgia,Pollster D,lv,817,2.295539214508608,-1.4605543011566624,64.3,Kamala Harris,0,21
2024-08-02,North Carolina,Pollster C,rv,1109,0.8196806291816756,-0.4663021045271307,64.2,Donald Trump,0,95
2024-08-02,North Carolina,Pollster A,lv,1000,0.5623151654144749,0.9476430305512622,47.5,Kamala Harris,0,95
2024-09-07,Wisconsin,Pollster D,rv,1955,2.592504296451807,-0.015429877443239093,34.3,Kamala Harris,0,59
2024-08-18,Arizona,Pollster C,lv,1341,2.398317413870245,1.9764959968160838,53.3,Donald Trump,0,79
2024-07-28,National,Pollster A,rv,1692,0.6060777209931985,-0.4134028109256178,55.7,Kamala Harris,1,100
2024-09-25,Michigan,Pollster B,lv,846,2.975696072797291,0.3188845574622974,79.2,Kamala Harris,0,41
2024-10-12,National,Pollster A,rv,1659,1.0504652875242755,-1.2530542840249836,44.8,Donald Trump,1,24
2024-08-29,Michigan,Pollster B,rv,1482,1.271887230221182,0.21328592242207378,75.2,Donald Trump,0,68
2024-10-18,Nevada,Pollster B,rv,1569,0.7941694867331535,1.9787856678012758,65.7,Donald Trump,0,18
2024-10-02,North Carolina,Pollster C,rv,910,1.7443250929936767,-1.3106666132807732,71.9,Kamala Harris,0,34
2024-10-26,Pennsylvania,Pollster D,lv,98,1.9279401302337646,-0.9474279744317755,53.7,Donald Trump,0,10
2024-09-28,Georgia,Pollster C,rv,1134,1.8500038057100028,-0.02515490318182856,66.9,Donald Trump,0,38
2024-10-05,Wisconsin,Pollster D,lv,510,0.9876386211253703,-0.2822394947288558,77.8,Donald Trump,0,31
2024-08-30,Georgia,Pollster C,lv,1980,1.2704968296457082,0.09689161367714405,63,Kamala Harris,0,67
2024-09-17,Arizona,Pollster C,lv,1354,0.7803954866249114,0.5511723068775609,58.7,Donald Trump,0,49
2024-10-23,National,Pollster C,rv,347,1.3111658424604684,1.7676355857402086,43.7,Kamala Harris,1,13
2024-08-07,Arizona,Pollster A,rv,232,1.9625726192025468,-0.8250332566676661,57.2,Donald Trump,0,90
2024-09-28,Nevada,Pollster B,lv,1730,0.9155987472040579,0.4031337845372036,49.9,Donald Trump,0,38
2024-08-02,Pennsylvania,Pollster C,lv,193,1.5464060038793832,1.822987689054571,31,Donald Trump,0,95
2024-09-07,Michigan,Pollster D,lv,1551,0.6599208026891574,-1.144466686528176,53,Kamala Harris,0,59
2024-09-08,Nevada,Pollster D,rv,1952,1.7817417090991512,-0.6315140018705279,31.2,Donald Trump,0,58
2024-10-21,National,Pollster A,rv,907,1.0830413615331054,0.6223565024556592,42.9,Kamala Harris,1,15
2024-10-22,National,Pollster D,lv,1404,0.6502974447794259,-0.17681056819856167,74.3,Kamala Harris,1,14
2024-09-05,Michigan,Pollster C,lv,1246,0.6561837212648243,1.9808421864872798,39.6,Kamala Harris,0,61
2024-08-16,Nevada,Pollster A,rv,1152,0.7010202349629253,1.295962069532834,75.9,Donald Trump,0,81
2024-09-20,National,Pollster C,lv,1011,1.2410331786377355,0.538680431433022,34.4,Kamala Harris,1,46
2024-11-02,Michigan,Pollster B,rv,823,2.953302412177436,0.9731227600714192,75.7,Donald Trump,0,3
2024-10-18,Georgia,Pollster C,rv,2253,2.023509419639595,0.9676476891618222,44.8,Kamala Harris,0,18
2024-09-25,National,Pollster A,lv,620,2.5907361613353714,1.456707663135603,46.3,Kamala Harris,1,41
2024-09-13,National,Pollster D,lv,349,0.6286730804713443,-0.6823506820946932,49.4,Kamala Harris,1,53
2024-10-14,National,Pollster A,lv,1733,1.5946113313548267,-0.3148410361027345,61.4,Kamala Harris,1,22
2024-10-23,Michigan,Pollster B,rv,630,0.7837802388239652,-1.1117995997192338,36.3,Donald Trump,0,13
2024-08-31,Arizona,Pollster A,rv,680,1.1928927428089082,0.1357948996592313,60.9,Kamala Harris,0,66
2024-08-18,Pennsylvania,Pollster C,rv,2041,1.8322374311974272,1.419379540719092,60.2,Donald Trump,0,79
2024-08-13,Nevada,Pollster D,rv,1855,2.984003971912898,0.4925052847247571,46.5,Kamala Harris,0,84
2024-08-06,Pennsylvania,Pollster B,lv,1080,2.7340975899714977,-0.6233072632458061,59.6,Kamala Harris,0,91
2024-08-12,Michigan,Pollster C,rv,1529,2.9929394957143813,1.6782998330891132,76.1,Donald Trump,0,85
2024-10-13,North Carolina,Pollster A,lv,1806,1.0912758002523333,-0.6935711147962138,59.4,Kamala Harris,0,23
2024-09-08,North Carolina,Pollster A,lv,1946,2.487442742101848,0.5702021123142913,60,Kamala Harris,0,58
2024-10-03,Pennsylvania,Pollster D,lv,2091,0.9719226830638945,-0.400057410588488,30.1,Donald Trump,0,33
2024-08-05,North Carolina,Pollster D,lv,1294,2.8648283793590963,1.8531837782356888,49.5,Donald Trump,0,92
2024-10-21,Nevada,Pollster B,rv,501,2.9105232290457934,0.38781804766040295,77.4,Kamala Harris,0,15
2024-10-17,Georgia,Pollster D,lv,1397,0.9886136570712551,1.654733412899077,33.7,Donald Trump,0,19
2024-09-10,National,Pollster A,rv,1010,2.157727350248024,0.8397328377468511,52.3,Kamala Harris,1,56
2024-09-11,Georgia,Pollster B,lv,1927,2.2451807839097455,1.263508516130969,78.1,Kamala Harris,0,55
2024-09-20,North Carolina,Pollster D,rv,35,1.2811181707074866,-1.4175180052407086,64.8,Kamala Harris,0,46
2024-10-12,Nevada,Pollster B,lv,96,0.6383548090234399,0.9347534673288465,77.5,Kamala Harris,0,24
2024-09-22,North Carolina,Pollster A,lv,2004,2.568134372239001,0.938240202027373,64.1,Kamala Harris,0,44
2024-10-05,Pennsylvania,Pollster A,lv,1903,1.4689520829124376,-0.579389643506147,73.3,Kamala Harris,0,31
2024-09-27,North Carolina,Pollster D,lv,996,1.1237550429068506,-0.43719453748781234,73.8,Kamala Harris,0,39
2024-08-17,Pennsylvania,Pollster D,lv,1449,2.238944061798975,0.7024654074339196,66.3,Donald Trump,0,80
2024-07-24,Wisconsin,Pollster C,lv,277,0.6194159418810159,0.707582542556338,37.5,Kamala Harris,0,104
2024-09-29,Michigan,Pollster C,rv,1313,2.4090841070283204,1.879272337188013,43.8,Kamala Harris,0,37
2024-09-04,Arizona,Pollster D,lv,194,2.9213515681913123,0.6838894760003313,48.1,Donald Trump,0,62
2024-07-27,Arizona,Pollster A,lv,996,1.7747666181530803,1.5700815254822373,72.3,Donald Trump,0,101
2024-09-09,National,Pollster A,lv,1102,2.007782929111272,1.393340481678024,51.7,Kamala Harris,1,57
2024-08-03,Arizona,Pollster C,lv,1327,2.1985873243538663,-0.4494426823221147,68.5,Kamala Harris,0,94
2024-09-30,Arizona,Pollster A,lv,586,2.984449901385233,0.36061635718215257,62.5,Donald Trump,0,36
2024-09-05,North Carolina,Pollster B,rv,1886,1.2801982609089464,1.0293965169694275,57.5,Donald Trump,0,61
2024-10-27,Nevada,Pollster A,lv,173,1.0978834361303598,0.26581171061843634,72.5,Kamala Harris,0,9
2024-09-23,North Carolina,Pollster D,lv,1234,2.9014086421811953,-0.5548999953316525,48.7,Kamala Harris,0,43
2024-10-19,Georgia,Pollster A,lv,981,1.2087867357768118,-0.958921445067972,75.2,Donald Trump,0,17
2024-10-12,Pennsylvania,Pollster D,lv,1527,1.2777936902130023,-0.8311661891639233,54.3,Kamala Harris,0,24
2024-09-01,Michigan,Pollster A,rv,1464,2.593308857292868,0.7938433380331844,63.3,Donald Trump,0,65
2024-08-08,National,Pollster C,rv,655,1.5380670899758115,-1.239257776294835,71.9,Donald Trump,1,89
2024-08-06,Nevada,Pollster A,rv,186,1.6128073232248425,1.0261810665251687,40.4,Donald Trump,0,91
2024-10-23,Arizona,Pollster D,lv,824,0.6952166680712253,-0.6041432181373239,76.2,Kamala Harris,0,13
2024-08-26,Michigan,Pollster A,rv,1825,0.8150504658697173,-1.4620574823347852,65.1,Donald Trump,0,71
2024-08-02,Georgia,Pollster C,lv,497,1.0814551416551694,0.9587310962378979,55.7,Kamala Harris,0,95
2024-09-27,Georgia,Pollster B,lv,1447,1.116972426068969,-0.9237952077528462,42.1,Kamala Harris,0,39
2024-08-02,Nevada,Pollster D,lv,798,1.7521497945999727,-0.19947078870609403,37.4,Donald Trump,0,95
2024-10-18,Nevada,Pollster B,lv,746,2.0034239646047354,0.35625870910007507,39.1,Donald Trump,0,18
2024-08-29,Arizona,Pollster A,rv,777,2.216508737881668,-0.6006703996099532,35.5,Donald Trump,0,68
2024-09-22,Michigan,Pollster C,lv,1495,0.8941908612614498,0.49671418126672506,35,Donald Trump,0,44
2024-10-01,Georgia,Pollster A,rv,1555,0.8474874154198915,1.691492989193648,67.2,Kamala Harris,0,35
2024-10-04,Arizona,Pollster B,lv,255,1.8085389859043062,0.8137771844631061,56.7,Donald Trump,0,32
2024-07-21,Arizona,Pollster D,lv,241,1.9178947045002133,-0.04067210387438536,73.2,Kamala Harris,0,107
2024-09-09,Nevada,Pollster C,lv,1542,0.7313440054422244,0.32934205036144704,46.7,Donald Trump,0,57
2024-09-27,Nevada,Pollster D,lv,517,1.7640197796281427,1.8224797532893717,42.1,Donald Trump,0,39
2024-08-18,Wisconsin,Pollster D,rv,899,2.8499924945645034,1.3570779368747026,73.5,Donald Trump,0,79
2024-09-14,Arizona,Pollster C,lv,120,1.003217033110559,-1.2308627541642636,60.3,Donald Trump,0,52
2024-08-12,National,Pollster C,rv,872,1.6088539875345305,-0.31823032011743635,40.9,Kamala Harris,1,85
2024-07-24,North Carolina,Pollster C,lv,819,1.2527786126593128,1.4772170296637341,52.1,Donald Trump,0,104
2024-09-12,National,Pollster A,lv,1131,1.1460023950785398,-0.14516775298397988,48.6,Donald Trump,1,54
2024-07-21,Pennsylvania,Pollster C,lv,2151,1.1310733652208,1.220423948368989,30.2,Kamala Harris,0,107
2024-08-14,Michigan,Pollster A,lv,2013,2.629026845213957,-1.1066739039961249,62.8,Kamala Harris,0,83
2024-07-26,Georgia,Pollster A,rv,2006,1.3091108570806682,0.20090166851878166,49.6,Donald Trump,0,102
2024-09-27,Wisconsin,Pollster D,lv,2178,2.83790150959976,0.8785760895116255,62.9,Donald Trump,0,39
2024-09-19,Pennsylvania,Pollster D,rv,1295,1.5851737658958882,-0.9305096874013543,52.4,Kamala Harris,0,47
2024-09-18,Wisconsin,Pollster D,lv,2026,1.6642771639162675,-0.969878128147684,70.6,Donald Trump,0,48
2024-10-13,Arizona,Pollster C,rv,865,2.557647946057841,-0.08275410020723939,75.1,Donald Trump,0,23
2024-07-23,Nevada,Pollster C,lv,148,0.8742859105113894,0.7931343312375247,70.3,Kamala Harris,0,105
2024-09-24,National,Pollster C,lv,13,0.7581214607926086,1.597185852471739,37.7,Donald Trump,1,42
2024-08-16,Arizona,Pollster C,lv,1659,2.270027464372106,-0.17675968213006854,50.7,Kamala Harris,0,81
2024-08-20,Nevada,Pollster B,rv,736,0.9413041775114834,0.4779937455896288,30.3,Kamala Harris,0,77
2024-09-09,Georgia,Pollster B,rv,214,2.1134128865087405,1.3664863279554993,38.8,Donald Trump,0,57
2024-08-26,Georgia,Pollster A,rv,1571,2.0087333077099174,-1.4190434953197837,69.5,Kamala Harris,0,71
2024-09-29,Georgia,Pollster D,lv,404,1.7568564218236133,-0.3784468232188374,40.3,Kamala Harris,0,37
2024-10-24,Pennsylvania,Pollster C,rv,174,1.5764253768138587,1.423791725654155,58.6,Kamala Harris,0,12
2024-08-03,Pennsylvania,Pollster B,lv,1270,0.800832879729569,-0.24933559261262417,73,Donald Trump,0,94
2024-08-19,Georgia,Pollster A,rv,1528,1.114258442656137,1.3986837299307808,39.5,Kamala Harris,0,78
2024-10-26,National,Pollster A,lv,1447,0.9856705007841811,-0.8633809022139758,58.8,Donald Trump,1,10
2024-09-27,Wisconsin,Pollster A,lv,536,0.5086875521810725,-0.1533236764371395,74.3,Kamala Harris,0,39
2024-07-26,Pennsylvania,Pollster A,rv,2244,1.7424298300174996,0.03703116229735315,73.2,Kamala Harris,0,102
2024-08-20,North Carolina,Pollster C,rv,2242,1.0470370769035071,0.05042153166141361,75.6,Donald Trump,0,77
2024-09-03,Michigan,Pollster D,rv,165,0.659566355869174,-0.33262316638138145,66.2,Donald Trump,0,63
2024-07-25,Georgia,Pollster A,rv,690,1.6812309245578945,0.26570977142546326,50.5,Donald Trump,0,103
2024-08-01,Michigan,Pollster B,lv,82,2.529898719047196,1.7030776145402342,45.6,Donald Trump,0,96
2024-09-21,National,Pollster C,rv,202,0.6123601675499231,1.7624621641589329,54.9,Donald Trump,1,45
2024-10-11,Michigan,Pollster C,lv,263,2.9431625829311088,1.8668739845743403,50.8,Donald Trump,0,25
2024-08-01,Wisconsin,Pollster A,rv,1561,1.8708746386691928,-1.1983798820292577,47.4,Donald Trump,0,96
2024-08-11,National,Pollster D,rv,947,0.5698581710457802,-1.1779447885928676,68.9,Kamala Harris,1,86
2024-09-09,North Carolina,Pollster B,rv,1206,1.0948672926751897,1.8742376291193068,46.6,Kamala Harris,0,57
2024-10-20,Michigan,Pollster D,rv,2155,2.450738243176602,-0.015452368883416057,57.1,Kamala Harris,0,16
2024-10-24,Georgia,Pollster B,rv,2176,1.5948227607877925,0.3134691516170278,41.9,Donald Trump,0,12
2024-08-12,National,Pollster A,lv,1806,1.9455420925514773,1.42576311994344,60.2,Kamala Harris,1,85
2024-10-16,North Carolina,Pollster C,lv,2261,2.741150899208151,0.42625550902448595,37.4,Donald Trump,0,20
2024-08-18,Georgia,Pollster D,lv,2280,1.0407613556599244,1.0092474551638588,38.6,Donald Trump,0,79
2024-07-28,Michigan,Pollster B,rv,1778,0.6268710900330916,0.5309782165568322,41.5,Donald Trump,0,100
2024-09-16,Nevada,Pollster C,lv,1490,1.1977766146883368,0.2615363347576931,76.9,Kamala Harris,0,50
2024-10-10,Michigan,Pollster C,lv,2144,2.3165356502868235,0.15331460942979902,38.8,Kamala Harris,0,26
2024-10-05,North Carolina,Pollster A,lv,1354,0.7584323874907568,-1.202579737175256,54.9,Kamala Harris,0,31
2024-10-24,Wisconsin,Pollster A,rv,603,1.0117192212492228,0.8610091314185411,51,Kamala Harris,0,12
2024-10-02,Nevada,Pollster B,rv,394,1.6179261334473267,-0.9000192830571905,59.3,Kamala Harris,0,34
2024-08-05,Wisconsin,Pollster A,rv,525,1.158106004120782,1.7162529315100983,74.6,Kamala Harris,0,92
2024-07-22,Pennsylvania,Pollster D,lv,327,0.5188192020868883,-0.9675516420975327,54.4,Kamala Harris,0,106
2024-09-24,North Carolina,Pollster A,lv,1733,1.0761177785461769,-0.6637270753271878,68.5,Donald Trump,0,42
2024-09-23,North Carolina,Pollster A,lv,994,2.920437381369993,-0.6521965321153402,67.3,Kamala Harris,0,43
2024-10-07,North Carolina,Pollster C,rv,2180,1.4819178562611341,-1.3702898492338136,50.3,Donald Trump,0,29
2024-09-15,Wisconsin,Pollster C,lv,1648,2.5152186055202037,1.8791224480373785,57.4,Donald Trump,0,51
2024-08-12,Nevada,Pollster C,lv,1037,1.0797776894178241,0.9411598851438612,45.5,Donald Trump,0,85
2024-09-21,Georgia,Pollster B,rv,1100,2.124983954243362,-0.1755782678956166,73.8,Kamala Harris,0,45
2024-10-26,Michigan,Pollster D,rv,14,2.615110809681937,-0.7826817338354886,63,Kamala Harris,0,10
2024-10-27,North Carolina,Pollster D,rv,1890,1.8814521511085331,0.7459111021598801,44,Kamala Harris,0,9
2024-10-31,National,Pollster B,lv,236,2.604380177333951,-0.7124184551648796,73.8,Kamala Harris,1,5
2024-08-26,Michigan,Pollster B,rv,792,1.729128263075836,1.9869894043076783,34.2,Kamala Harris,0,71
2024-09-24,National,Pollster C,lv,353,1.380982203525491,0.3153495761798695,63.3,Donald Trump,1,42
2024-08-25,Pennsylvania,Pollster D,lv,422,0.910112242680043,-1.041849952773191,39.2,Donald Trump,0,72
2024-09-24,North Carolina,Pollster C,rv,52,0.8305886097950861,-0.8367504649795592,78.9,Kamala Harris,0,42
2024-10-29,Arizona,Pollster D,lv,903,1.7328292097663507,-0.012745132087729871,43.9,Kamala Harris,0,7
2024-07-31,Georgia,Pollster C,rv,1836,1.08190448617097,-0.6716300890548155,30.1,Kamala Harris,0,97
2024-08-13,North Carolina,Pollster B,rv,22,2.2212866636691615,-0.31177856167778373,46.5,Kamala Harris,0,84
2024-09-05,Arizona,Pollster A,lv,323,2.4469279306940734,1.8324853524100035,76.2,Donald Trump,0,61
2024-09-24,National,Pollster C,rv,2240,1.1271864532027394,0.6435324647463858,47.3,Kamala Harris,1,42
2024-08-19,Nevada,Pollster B,rv,1083,2.8160402762005106,-1.0459149586968124,51.1,Kamala Harris,0,78
2024-07-31,North Carolina,Pollster B,lv,704,1.7135524488985538,-0.849618571694009,74,Kamala Harris,0,97
2024-10-17,Michigan,Pollster A,lv,2140,2.844075622386299,1.5583531928714365,58.8,Donald Trump,0,19
2024-10-14,Arizona,Pollster B,lv,1711,2.701950984308496,1.3330415865639225,58.6,Donald Trump,0,22
2024-08-08,Georgia,Pollster B,lv,789,1.4658128290902823,1.4406927562085912,67.9,Kamala Harris,0,89
2024-09-20,Wisconsin,Pollster A,lv,2073,2.01143605588004,1.625791470054537,73.1,Donald Trump,0,46
2024-09-26,Arizona,Pollster C,rv,897,2.6331396780442446,0.1076533489394933,50.5,Kamala Harris,0,40
2024-09-30,National,Pollster C,rv,307,2.2303154879482463,0.398983875871636,37,Donald Trump,1,36
2024-08-25,North Carolina,Pollster D,lv,621,2.394496405730024,-0.7840449587674811,69,Kamala Harris,0,72
2024-10-20,Georgia,Pollster D,lv,530,2.311609409051016,-0.9263912374153733,73.6,Kamala Harris,0,16
2024-09-26,Arizona,Pollster A,lv,1608,0.9761466605123132,-0.15481690678279847,30.3,Donald Trump,0,40
2024-07-25,Michigan,Pollster C,lv,1877,1.4998925117542967,1.0994519649539143,42.5,Kamala Harris,0,103
2024-09-25,Wisconsin,Pollster B,rv,891,0.8565252519911155,-0.03409446508157998,30.6,Kamala Harris,0,41
2024-08-01,Michigan,Pollster B,lv,2180,2.2361589608481154,-1.4656003763666376,72.6,Kamala Harris,0,96
2024-08-22,Wisconsin,Pollster D,lv,929,0.6508316723629832,0.16498009802307934,70.6,Kamala Harris,0,75
2024-10-14,North Carolina,Pollster B,rv,988,1.1019186752382666,0.37909017503261566,61.5,Kamala Harris,0,22
2024-08-30,Nevada,Pollster D,lv,1149,1.5145273158559576,-0.8134351804619655,67.9,Kamala Harris,0,67
2024-10-15,Wisconsin,Pollster B,rv,1857,2.389865475241095,-1.142001070547849,36.8,Donald Trump,0,21
2024-09-14,Wisconsin,Pollster B,lv,548,2.8379825765732676,0.5024684499949217,52,Donald Trump,0,52
2024-08-19,North Carolina,Pollster B,rv,975,1.3135263028088957,0.41631915501784533,71.5,Donald Trump,0,78
2024-08-27,Michigan,Pollster A,lv,1136,1.9004027069313452,0.010867998586036265,41.5,Donald Trump,0,70
2024-08-19,Michigan,Pollster C,lv,1067,1.5887412790907547,0.012396309874020517,40.1,Donald Trump,0,78
2024-09-15,National,Pollster C,lv,244,1.5678637243108824,-1.174939080607146,42.5,Kamala Harris,1,51
2024-07-23,Pennsylvania,Pollster B,lv,2293,1.4743615897605196,-0.9782275065081194,54,Donald Trump,0,105
2024-08-08,Wisconsin,Pollster B,rv,2203,1.0101468448992819,0.901493317913264,38.4,Kamala Harris,0,89
2024-08-01,Wisconsin,Pollster B,rv,401,2.664130433811806,0.3599331487203017,67.9,Donald Trump,0,96
2024-11-01,Arizona,Pollster D,lv,721,0.9786852176766843,1.6713382002199069,31,Kamala Harris,0,4
2024-10-16,National,Pollster C,lv,1598,2.6337627596221864,1.092682475806214,61,Donald Trump,1,20
2024-08-04,North Carolina,Pollster D,lv,2132,0.8028957097558305,1.7649582910817116,74,Kamala Harris,0,93
2024-10-08,Wisconsin,Pollster B,rv,1782,1.3863002271391451,1.4151307528372854,68.4,Donald Trump,0,28
2024-08-28,Michigan,Pollster B,lv,1162,2.1284749167971313,0.6115589935798198,54.4,Donald Trump,0,69
2024-07-23,Michigan,Pollster C,rv,1630,2.3631776625989005,0.5662651275051758,71.3,Donald Trump,0,105
2024-09-12,Michigan,Pollster B,rv,2247,2.819235141039826,-0.5488844045903534,57.7,Donald Trump,0,54
2024-07-22,Nevada,Pollster A,lv,1216,1.5043942765332758,0.9474024039227515,32.5,Donald Trump,0,106
2024-10-24,Wisconsin,Pollster A,lv,100,0.7071071730460972,0.4704174770740792,53.7,Donald Trump,0,12
2024-08-03,Pennsylvania,Pollster A,lv,1371,0.9439563915366307,-0.5439588688313961,48.8,Donald Trump,0,94
2024-09-05,Wisconsin,Pollster C,rv,392,1.6795493494719267,0.8182461105752736,67,Kamala Harris,0,61
2024-10-11,Nevada,Pollster B,lv,1101,2.224142470629886,0.3923498291987926,31,Kamala Harris,0,25
2024-08-15,National,Pollster D,rv,1687,1.879445631755516,1.588325303979218,56.1,Kamala Harris,1,82
2024-09-23,Wisconsin,Pollster D,rv,340,1.3207191311521456,0.566068458603695,66.8,Kamala Harris,0,43
2024-08-13,Pennsylvania,Pollster D,rv,174,2.246388863539323,-0.3523031154181808,63.3,Kamala Harris,0,84
2024-08-10,Georgia,Pollster C,rv,438,1.6381492135114968,1.03360430279281,45.5,Donald Trump,0,87
2024-09-22,Michigan,Pollster B,lv,527,1.1359805387910455,-0.008156715310178697,55.8,Donald Trump,0,44
2024-10-29,Michigan,Pollster B,lv,1001,2.7928970953216776,0.7993825820740312,36,Donald Trump,0,7
2024-10-07,Georgia,Pollster A,lv,458,1.5920278815319762,-1.0056647263700143,75.7,Donald Trump,0,29
2024-08-28,Pennsylvania,Pollster C,rv,1720,2.154413674841635,0.04572439240291715,30.7,Donald Trump,0,69
2024-07-25,Nevada,Pollster A,lv,95,2.5694056927459314,-0.8735988042317331,75,Kamala Harris,0,103
2024-09-05,Pennsylvania,Pollster C,lv,578,0.7800145000219345,-0.4913028315640986,34.9,Donald Trump,0,61
2024-08-19,Michigan,Pollster A,rv,1200,2.301424849545583,-1.2489770276006311,75.4,Kamala Harris,0,78
2024-08-07,National,Pollster A,lv,375,1.7516058568144217,-1.2494419028516859,78.7,Kamala Harris,1,90
2024-10-15,Georgia,Pollster A,lv,221,2.4030610006302595,1.3130021599354222,73.6,Donald Trump,0,21
2024-10-08,North Carolina,Pollster D,rv,847,1.7527766393031925,1.0411849098745733,44.8,Kamala Harris,0,28
2024-08-19,Arizona,Pollster D,rv,115,2.4599045580253005,-0.8945983097655699,45.2,Donald Trump,0,78
2024-08-04,Pennsylvania,Pollster D,rv,1247,1.0137960176216438,-1.3007667940109968,37.6,Kamala Harris,0,93
2024-09-24,Arizona,Pollster C,rv,1759,2.07431285479106,1.9613618114963174,57.8,Kamala Harris,0,42
2024-10-24,National,Pollster D,rv,224,2.7783434262964875,0.032748296624049544,58.7,Donald Trump,1,12
2024-09-16,Michigan,Pollster A,lv,1326,2.8292182164732367,-0.08087394619360566,65.3,Kamala Harris,0,50
2024-09-16,Michigan,Pollster D,lv,1979,1.0318761669332162,1.0576241569360718,32.9,Donald Trump,0,50
2024-08-06,Nevada,Pollster C,rv,985,2.9347229435807094,-1.1891375168925151,77.9,Donald Trump,0,91
2024-07-26,Wisconsin,Pollster D,rv,60,2.1310953960055485,-0.7252354533411562,71.3,Donald Trump,0,102
2024-10-05,Pennsylvania,Pollster B,lv,1863,0.6275151781737804,-0.9487299476750195,62.8,Donald Trump,0,31
2024-08-12,North Carolina,Pollster A,rv,4,0.7066933427704498,-1.3656292862724513,37,Donald Trump,0,85
2024-09-11,Michigan,Pollster B,rv,555,1.6096824059495702,1.050902150804177,44.9,Donald Trump,0,55
2024-09-01,Georgia,Pollster A,lv,458,1.365939524373971,1.9471931209554896,33.5,Kamala Harris,0,65
2024-10-31,Michigan,Pollster D,lv,1741,0.8243065462447703,1.6713309589540586,52,Donald Trump,0,5
2024-08-01,Arizona,Pollster A,lv,1351,1.594167577684857,-0.31203098653350025,41.3,Donald Trump,0,96
2024-07-24,Michigan,Pollster C,rv,331,0.8884348570136353,-0.8203051313757896,32.1,Donald Trump,0,104
2024-09-13,Nevada,Pollster D,rv,919,0.7642085665138438,-0.25965158420149237,79.5,Kamala Harris,0,53
2024-08-07,Michigan,Pollster A,rv,1588,2.617458918946795,0.15186533599626273,57.6,Kamala Harris,0,90
2024-11-01,Pennsylvania,Pollster C,lv,1731,2.306552850175649,-0.00847253913525492,77.4,Kamala Harris,0,4
2024-08-24,Arizona,Pollster A,lv,801,1.9337148709455505,0.5133694113465026,63.1,Donald Trump,0,73
2024-08-20,National,Pollster B,rv,1368,1.0725810240255669,-1.4423692774726078,36.7,Donald Trump,1,77
2024-10-08,Arizona,Pollster B,lv,77,2.9567061447305605,0.39007446717005223,50,Kamala Harris,0,28
2024-09-16,Wisconsin,Pollster D,lv,450,1.3982501924037933,-0.9024999552639201,61.3,Kamala Harris,0,50
2024-10-24,Georgia,Pollster D,lv,1832,1.8966249400982633,-0.6424477860564366,44.3,Donald Trump,0,12
2024-08-24,North Carolina,Pollster D,lv,1133,1.7813598511274904,0.05460179888177663,78.7,Donald Trump,0,73
2024-09-10,Nevada,Pollster A,rv,2134,0.6788700453471392,0.8242486701346934,65.9,Donald Trump,0,56
2024-07-30,Georgia,Pollster C,rv,255,1.5542819439433515,-0.8627274052705616,77.5,Kamala Harris,0,98
2024-10-12,Pennsylvania,Pollster C,lv,2087,0.9191973723936826,1.4578810497187078,49.5,Kamala Harris,0,24
2024-10-31,Nevada,Pollster B,rv,300,0.5766758236568421,-0.9508387899259105,50,Kamala Harris,0,5
2024-08-12,Pennsylvania,Pollster A,rv,2262,1.9487752667628229,-0.914920290815644,36.6,Kamala Harris,0,85
2024-08-23,National,Pollster B,lv,1549,1.7470207113074139,-0.11184374906588346,49.8,Donald Trump,1,74
2024-08-12,Pennsylvania,Pollster C,lv,1688,2.565142258652486,0.12579700630158186,38.6,Donald Trump,0,85
2024-10-12,North Carolina,Pollster A,lv,1587,0.6584652450401336,-1.1921804954763502,60.1,Kamala Harris,0,24
2024-10-10,National,Pollster A,lv,1238,1.6778092454187572,1.983561328263022,76.4,Kamala Harris,1,26
2024-09-12,Wisconsin,Pollster D,rv,117,2.3918571271933615,-1.1246635528514162,67.2,Kamala Harris,0,54
2024-08-07,Georgia,Pollster C,lv,1747,1.5989091324154288,0.6796350685181096,65.5,Donald Trump,0,90
2024-10-26,North Carolina,Pollster B,rv,668,1.8854818843537942,1.3145380368223414,62,Kamala Harris,0,10
2024-08-08,Nevada,Pollster B,lv,591,1.7919865566072986,1.2469302540412173,36.4,Donald Trump,0,89
2024-08-13,Nevada,Pollster A,lv,1864,1.2483057200443,-1.1325896406779066,34.1,Kamala Harris,0,84
2024-09-23,Arizona,Pollster C,lv,329,2.4290666020242497,-0.8483684069942683,71.2,Kamala Harris,0,43
2024-09-02,Arizona,Pollster B,rv,106,1.8132317987037823,-0.14644252543803304,46.4,Donald Trump,0,64
2024-07-25,Wisconsin,Pollster C,rv,347,2.329931060783565,0.33051240304484963,49.7,Kamala Harris,0,103
2024-10-15,Pennsylvania,Pollster B,rv,1304,0.9054170148447156,-0.8663114643422887,66.6,Kamala Harris,0,21
2024-08-04,Wisconsin,Pollster B,rv,1001,1.5145494801690802,-1.266884813318029,41.4,Donald Trump,0,93
2024-08-27,Michigan,Pollster B,rv,551,2.9079574714414775,0.8776623217854649,70.7,Kamala Harris,0,70
2024-09-11,Nevada,Pollster B,lv,1434,0.7233977877767757,-0.93288726976607,61.8,Kamala Harris,0,55
2024-08-19,Pennsylvania,Pollster B,rv,1635,1.8514113443670794,-0.9179537423187867,44.3,Kamala Harris,0,78
2024-11-01,National,Pollster A,lv,2277,2.9926835083169863,0.6167500334559008,70.9,Donald Trump,1,4
2024-08-17,Nevada,Pollster D,lv,546,1.347996604279615,0.8147083325311542,55.2,Donald Trump,0,80
2024-07-22,North Carolina,Pollster C,lv,118,1.75585095025599,-0.4028138123685494,49.1,Donald Trump,0,106
2024-10-13,National,Pollster A,rv,1594,1.7025829195044935,1.5180080246645957,71.5,Kamala Harris,1,23
2024-08-06,Georgia,Pollster B,rv,1495,2.8842512705596164,1.3180412978399545,42.9,Kamala Harris,0,91
2024-10-23,North Carolina,Pollster C,lv,490,1.1722509191604331,-1.2812585736392066,78.2,Kamala Harris,0,13
2024-10-21,Arizona,Pollster A,lv,24,1.4128198068356141,-1.044298637425527,66.8,Donald Trump,0,15
2024-09-27,Nevada,Pollster B,lv,1065,0.6385315536754206,-0.11004334106110036,54.4,Donald Trump,0,39
2024-08-13,Wisconsin,Pollster C,rv,1032,2.1178017656784505,1.5148596850922331,41.3,Kamala Harris,0,84
2024-09-11,North Carolina,Pollster A,rv,441,2.8532973689725623,-0.29096087417565286,79.5,Donald Trump,0,55
2024-08-04,National,Pollster B,lv,803,1.701189937419258,1.711832438595593,54.3,Kamala Harris,1,93
2024-07-21,Georgia,Pollster B,rv,1006,1.6295608046930283,0.6777331801131368,65.3,Kamala Harris,0,107
2024-08-22,Georgia,Pollster D,lv,1956,2.9875650665489957,1.0343803243013099,42.8,Kamala Harris,0,75
2024-10-21,Georgia,Pollster D,lv,2277,1.7346321623772383,-1.2023078246274963,47.1,Kamala Harris,0,15
2024-10-27,North Carolina,Pollster B,rv,1390,0.6143388793570921,0.9090926833450794,54.3,Kamala Harris,0,9
2024-10-11,Michigan,Pollster C,rv,2014,2.491956068086438,-0.41575727763120085,32.8,Kamala Harris,0,25
2024-10-20,National,Pollster B,lv,202,1.4931345126824453,0.9721882928861305,62.2,Kamala Harris,1,16
2024-11-02,Wisconsin,Pollster B,rv,1996,2.776466226321645,-1.1485055974917486,33.4,Kamala Harris,0,3
2024-10-09,Arizona,Pollster D,rv,1293,1.3542708423919976,0.9784375126473606,74.6,Kamala Harris,0,27
2024-07-30,Wisconsin,Pollster C,rv,1920,1.1267624773317948,-0.2749538995558396,33.4,Donald Trump,0,98
2024-08-12,Michigan,Pollster A,lv,438,2.7594989999197423,-0.9697430165251717,70.7,Kamala Harris,0,85
2024-09-12,North Carolina,Pollster A,lv,1993,2.2405047913780436,-0.9908988905372098,53.2,Kamala Harris,0,54
2024-09-01,North Carolina,Pollster C,lv,2142,0.9344875179231167,-1.3833825729088858,53.3,Kamala Harris,0,65
2024-09-03,National,Pollster B,lv,2287,2.29499608988408,0.5883367209462449,73.2,Kamala Harris,1,63
2024-09-10,National,Pollster C,rv,1113,2.263496305793524,-0.8315124432556331,66.2,Kamala Harris,1,56
2024-09-28,North Carolina,Pollster D,rv,690,1.9354174735490233,0.4661354214185849,49,Kamala Harris,0,38
2024-10-03,North Carolina,Pollster A,rv,1326,2.137014311272651,-0.9857354507548735,66.1,Donald Trump,0,33
2024-07-27,Georgia,Pollster D,rv,140,2.94820618245285,-1.0103948815958574,44,Kamala Harris,0,101
2024-09-29,National,Pollster C,rv,2048,2.1031958017265424,-0.38229576707817614,53.9,Donald Trump,1,37
2024-09-29,Georgia,Pollster C,rv,1775,1.048572451225482,0.44273083040025085,46.1,Kamala Harris,0,37
